店舗CD,店舗,グループCD,グループ,9時迄売上高,10時迄売上高,11時迄売上高,12時迄売上高,13時迄売上高,14時迄売上高,15時迄売上高,16時迄売上高,17時迄売上高
0000002160,イオン亀田, ,イオン亀田計,51.0,110.0,194.0,327.0,450.0,533.0,640.0,749.0,912.0
"","",211,グロサリー,23.0,45.0,80.0,129.0,180.0,211.0,250.0,291.0,347.0
"","",214,リカー,9.0,19.0,28.0,54.0,72.0,93.0,126.0,148.0,194.0
"","",221,デイリーフーズ,20.0,46.0,86.0,145.0,198.0,229.0,264.0,311.0,371.0
0000002190,木曽福島, ,木曽福島計,19.0,84.0,245.0,405.0,543.0,673.0,813.0,1003.0,1198.0
"","",211,グロサリー,6.0,26.0,93.0,155.0,215.0,270.0,333.0,417.0,490.0
"","",214,リカー,1.0,11.0,34.0,52.0,70.0,92.0,106.0,138.0,179.0
"","",221,デイリーフーズ,11.0,47.0,117.0,198.0,258.0,311.0,375.0,448.0,530.0
0000002360,上田, ,上田計,38.0,120.0,308.0,523.0,767.0,1057.0,1392.0,1744.0,2072.0
"","",211,グロサリー,17.0,71.0,170.0,280.0,398.0,571.0,738.0,918.0,1093.0
"","",214,リカー,5.0,11.0,34.0,62.0,105.0,137.0,225.0,276.0,326.0
"","",221,デイリーフーズ,16.0,38.0,104.0,181.0,263.0,348.0,429.0,549.0,654.0
0000002540,イオン笹口, ,イオン笹口計,44.0,83.0,159.0,272.0,404.0,486.0,605.0,727.0,842.0
"","",211,グロサリー,22.0,41.0,74.0,120.0,179.0,219.0,275.0,323.0,368.0
"","",214,リカー,5.0,11.0,22.0,38.0,51.0,56.0,71.0,98.0,117.0
"","",221,デイリーフーズ,17.0,31.0,63.0,114.0,174.0,212.0,258.0,306.0,357.0
0000003050,イオン山二ツ, ,イオン山二ツ計,27.0,68.0,149.0,236.0,327.0,405.0,493.0,591.0,694.0
"","",211,グロサリー,12.0,31.0,64.0,100.0,137.0,174.0,211.0,246.0,283.0
"","",214,リカー,5.0,12.0,23.0,40.0,55.0,73.0,91.0,116.0,143.0
"","",221,デイリーフーズ,10.0,26.0,62.0,96.0,134.0,158.0,191.0,230.0,267.0
0000003290,イオン上木戸, ,イオン上木戸計,43.0,92.0,168.0,266.0,363.0,428.0,498.0,566.0,659.0
"","",211,グロサリー,16.0,35.0,68.0,108.0,148.0,172.0,200.0,228.0,260.0
"","",214,リカー,8.0,20.0,32.0,43.0,57.0,72.0,87.0,97.0,119.0
"","",221,デイリーフーズ,19.0,37.0,68.0,114.0,158.0,184.0,210.0,241.0,279.0
0000003430,イオン村上肴町, ,イオン村上肴町計,44.0,124.0,199.0,295.0,339.0,384.0,450.0,519.0,600.0
"","",211,グロサリー,20.0,55.0,84.0,121.0,142.0,159.0,187.0,225.0,250.0
"","",214,リカー,5.0,21.0,41.0,61.0,68.0,76.0,91.0,97.0,121.0
"","",221,デイリーフーズ,19.0,48.0,74.0,113.0,130.0,149.0,172.0,198.0,228.0
0000003590,イオン藤見町, ,イオン藤見町計,54.0,97.0,160.0,230.0,300.0,369.0,446.0,524.0,614.0
"","",211,グロサリー,14.0,35.0,71.0,96.0,128.0,165.0,198.0,230.0,266.0
"","",214,リカー,32.0,42.0,50.0,57.0,65.0,73.0,87.0,101.0,121.0
"","",221,デイリーフーズ,8.0,20.0,40.0,78.0,107.0,131.0,161.0,193.0,227.0
0000015060,須坂, ,須坂計,19.0,65.0,136.0,258.0,355.0,445.0,545.0,647.0,736.0
"","",211,グロサリー,10.0,33.0,58.0,112.0,162.0,202.0,255.0,306.0,352.0
"","",214,リカー,5.0,16.0,36.0,46.0,55.0,68.0,78.0,95.0,106.0
"","",221,デイリーフーズ,4.0,16.0,42.0,100.0,138.0,176.0,213.0,246.0,278.0
0000015220,箕輪, ,箕輪計,21.0,97.0,245.0,446.0,549.0,709.0,908.0,1092.0,1272.0
"","",211,グロサリー,9.0,45.0,105.0,190.0,234.0,304.0,396.0,476.0,549.0
"","",214,リカー,2.0,13.0,39.0,77.0,95.0,131.0,155.0,182.0,225.0
"","",221,デイリーフーズ,10.0,39.0,100.0,179.0,220.0,273.0,357.0,433.0,497.0
0000015250,南松本, ,南松本計,0.0,128.0,374.0,746.0,1101.0,1402.0,1790.0,2284.0,2723.0
"","",211,グロサリー,0.0,76.0,215.0,400.0,590.0,737.0,907.0,1162.0,1383.0
"","",214,リカー,0.0,14.0,40.0,83.0,128.0,180.0,243.0,306.0,358.0
"","",221,デイリーフーズ,0.0,38.0,120.0,263.0,383.0,485.0,640.0,816.0,981.0
0000019810,ネットスーパー調布, ,ネットスーパー調布計,0.0,0.0,7.0,8.0,9.0,9.0,11.0,15.0,16.0
"","",211,グロサリー,0.0,0.0,2.0,2.0,2.0,3.0,3.0,3.0,4.0
"","",214,リカー,0.0,0.0,5.0,5.0,5.0,5.0,6.0,9.0,9.0
"","",221,デイリーフーズ,0.0,0.0,1.0,1.0,1.0,1.0,2.0,2.0,3.0
0000027160,松本, ,松本計,0.0,120.0,443.0,829.0,1194.0,1518.0,1976.0,2474.0,3118.0
"","",211,グロサリー,0.0,62.0,208.0,403.0,586.0,744.0,962.0,1203.0,1515.0
"","",214,リカー,0.0,17.0,72.0,105.0,147.0,197.0,283.0,374.0,475.0
"","",221,デイリーフーズ,0.0,41.0,163.0,321.0,461.0,576.0,731.0,897.0,1127.0
0000029050,飯田, ,飯田計,68.0,251.0,566.0,985.0,1308.0,1634.0,2013.0,2534.0,3091.0
"","",211,グロサリー,28.0,114.0,241.0,446.0,589.0,748.0,921.0,1176.0,1430.0
"","",214,リカー,16.0,44.0,120.0,156.0,212.0,251.0,304.0,369.0,446.0
"","",221,デイリーフーズ,24.0,92.0,204.0,383.0,507.0,635.0,788.0,989.0,1215.0
0000029760,佐久平店, ,佐久平店計,52.0,213.0,500.0,909.0,1345.0,1681.0,2129.0,2654.0,3162.0
"","",211,グロサリー,27.0,98.0,248.0,452.0,670.0,823.0,1076.0,1313.0,1548.0
"","",214,リカー,1.0,19.0,57.0,91.0,141.0,193.0,244.0,316.0,396.0
"","",221,デイリーフーズ,24.0,97.0,195.0,366.0,535.0,666.0,809.0,1025.0,1218.0
0000032070,中野, ,中野計,50.0,181.0,448.0,891.0,1091.0,1292.0,1553.0,1827.0,2158.0
"","",211,グロサリー,26.0,96.0,246.0,482.0,586.0,695.0,842.0,983.0,1139.0
"","",214,リカー,11.0,32.0,65.0,116.0,133.0,156.0,187.0,217.0,258.0
"","",221,デイリーフーズ,13.0,52.0,137.0,293.0,372.0,441.0,524.0,627.0,762.0
0000047440,諏訪ステーション, ,諏訪ステーション計,0.0,41.0,142.0,305.0,445.0,599.0,745.0,928.0,1064.0
"","",211,グロサリー,0.0,12.0,57.0,124.0,192.0,256.0,322.0,408.0,472.0
"","",214,リカー,0.0,13.0,30.0,52.0,73.0,108.0,134.0,177.0,202.0
"","",221,デイリーフーズ,0.0,16.0,56.0,130.0,180.0,235.0,289.0,343.0,391.0
0000049770,上所, ,上所計,18.0,57.0,137.0,230.0,331.0,429.0,542.0,646.0,787.0
"","",211,グロサリー,7.0,25.0,62.0,101.0,145.0,184.0,233.0,277.0,332.0
"","",214,リカー,3.0,9.0,19.0,31.0,44.0,62.0,77.0,102.0,131.0
"","",221,デイリーフーズ,8.0,23.0,56.0,98.0,141.0,183.0,233.0,267.0,324.0
0000051490,新津, ,新津計,41.0,119.0,235.0,362.0,496.0,594.0,746.0,904.0,1068.0
"","",211,グロサリー,19.0,61.0,107.0,169.0,230.0,268.0,348.0,419.0,494.0
"","",214,リカー,6.0,10.0,36.0,52.0,72.0,92.0,108.0,138.0,163.0
"","",221,デイリーフーズ,17.0,48.0,93.0,141.0,195.0,233.0,290.0,348.0,411.0
0000052460,上越寺, ,上越寺計,15.0,61.0,129.0,277.0,392.0,481.0,607.0,742.0,882.0
"","",211,グロサリー,6.0,30.0,60.0,123.0,172.0,214.0,268.0,328.0,382.0
"","",214,リカー,0.0,4.0,14.0,36.0,51.0,75.0,99.0,129.0,158.0
"","",221,デイリーフーズ,8.0,27.0,54.0,118.0,168.0,192.0,240.0,285.0,342.0
0000052480,下門前, ,下門前計,21.0,61.0,151.0,274.0,381.0,466.0,551.0,676.0,816.0
"","",211,グロサリー,11.0,26.0,74.0,121.0,173.0,212.0,248.0,298.0,353.0
"","",214,リカー,1.0,5.0,13.0,28.0,43.0,50.0,69.0,91.0,116.0
"","",221,デイリーフーズ,8.0,29.0,64.0,125.0,166.0,203.0,235.0,288.0,346.0
0000052520,白山, ,白山計,37.0,179.0,543.0,1019.0,1458.0,1981.0,2521.0,3193.0,3850.0
"","",211,グロサリー,11.0,74.0,272.0,501.0,712.0,983.0,1252.0,1585.0,1923.0
"","",214,リカー,8.0,26.0,75.0,148.0,193.0,267.0,342.0,422.0,491.0
"","",221,デイリーフーズ,17.0,79.0,196.0,370.0,552.0,731.0,927.0,1186.0,1436.0
0000058950,豊科, ,豊科計,18.0,88.0,274.0,490.0,745.0,903.0,1117.0,1412.0,1689.0
"","",211,グロサリー,13.0,41.0,132.0,220.0,357.0,434.0,528.0,672.0,786.0
"","",214,リカー,0.0,19.0,28.0,48.0,79.0,94.0,124.0,165.0,206.0
"","",221,デイリーフーズ,5.0,28.0,114.0,222.0,309.0,375.0,465.0,575.0,697.0
0000058960,飯田アップルロード, ,飯田アップルロード計,17.0,143.0,400.0,751.0,1020.0,1310.0,1681.0,1998.0,2411.0
"","",211,グロサリー,8.0,80.0,205.0,387.0,519.0,665.0,859.0,1007.0,1214.0
"","",214,リカー,3.0,16.0,65.0,93.0,126.0,164.0,210.0,263.0,322.0
"","",221,デイリーフーズ,6.0,47.0,130.0,271.0,375.0,481.0,612.0,728.0,876.0
0000095860,イオン荒川アコス, ,イオン荒川アコス計,12.0,53.0,174.0,299.0,384.0,464.0,569.0,681.0,803.0
"","",211,グロサリー,4.0,21.0,75.0,125.0,157.0,193.0,228.0,278.0,329.0
"","",214,リカー,3.0,12.0,23.0,43.0,62.0,71.0,94.0,113.0,136.0
"","",221,デイリーフーズ,5.0,20.0,76.0,131.0,165.0,201.0,247.0,290.0,338.0
0000001610,高岡南, ,高岡南計,81.0,248.0,568.0,906.0,1202.0,1490.0,1927.0,2257.0,2711.0
"","",211,グロサリー,39.0,128.0,324.0,488.0,671.0,824.0,1073.0,1234.0,1462.0
"","",214,リカー,9.0,43.0,65.0,103.0,121.0,156.0,201.0,249.0,325.0
"","",221,デイリーフーズ,32.0,77.0,179.0,316.0,409.0,510.0,653.0,774.0,925.0
0000001850,高崎　　　　　　　, ,高崎　　　　　　　計,54.0,226.0,439.0,755.0,1126.0,1539.0,1961.0,2441.0,2988.0
"","",211,グロサリー,36.0,136.0,243.0,412.0,599.0,842.0,1082.0,1335.0,1635.0
"","",214,リカー,1.0,12.0,31.0,76.0,119.0,150.0,193.0,248.0,307.0
"","",221,デイリーフーズ,17.0,78.0,165.0,267.0,409.0,547.0,686.0,858.0,1046.0
0000002140,熊谷, ,熊谷計,27.0,119.0,275.0,468.0,660.0,849.0,1034.0,1211.0,1479.0
"","",211,グロサリー,13.0,49.0,122.0,201.0,294.0,395.0,480.0,562.0,710.0
"","",214,リカー,1.0,21.0,33.0,53.0,77.0,93.0,131.0,142.0,172.0
"","",221,デイリーフーズ,13.0,50.0,120.0,213.0,289.0,362.0,423.0,506.0,596.0
0000002200,新潟西, ,新潟西計,52.0,141.0,382.0,637.0,940.0,1189.0,1430.0,1750.0,2070.0
"","",211,グロサリー,25.0,64.0,175.0,281.0,427.0,543.0,664.0,824.0,976.0
"","",214,リカー,9.0,34.0,80.0,123.0,172.0,210.0,245.0,290.0,339.0
"","",221,デイリーフーズ,18.0,43.0,126.0,232.0,341.0,437.0,521.0,635.0,756.0
0000002620,日の出, ,日の出計,132.0,553.0,1311.0,2415.0,3506.0,4478.0,5569.0,6979.0,8088.0
"","",211,グロサリー,64.0,254.0,602.0,1073.0,1547.0,1969.0,2434.0,3149.0,3636.0
"","",214,リカー,17.0,84.0,180.0,367.0,533.0,720.0,929.0,1097.0,1257.0
"","",221,デイリーフーズ,50.0,216.0,529.0,976.0,1426.0,1789.0,2206.0,2733.0,3194.0
0000006080,銚子　　　　　　　, ,銚子　　　　　　　計,19.0,89.0,299.0,640.0,872.0,1183.0,1516.0,1869.0,2151.0
"","",211,グロサリー,9.0,57.0,181.0,373.0,496.0,658.0,859.0,1060.0,1210.0
"","",214,リカー,2.0,10.0,16.0,37.0,64.0,89.0,121.0,149.0,174.0
"","",221,デイリーフーズ,7.0,21.0,102.0,231.0,312.0,437.0,536.0,660.0,767.0
0000017880,南砂, ,南砂計,150.0,647.0,1370.0,2290.0,3280.0,4145.0,5023.0,5890.0,7068.0
"","",211,グロサリー,73.0,309.0,621.0,1057.0,1530.0,1940.0,2334.0,2714.0,3235.0
"","",214,リカー,19.0,84.0,189.0,297.0,423.0,557.0,702.0,817.0,1073.0
"","",221,デイリーフーズ,58.0,254.0,559.0,936.0,1327.0,1648.0,1987.0,2360.0,2760.0
0000024280,久里浜, ,久里浜計,124.0,519.0,1206.0,1977.0,2823.0,3483.0,4122.0,4989.0,5774.0
"","",211,グロサリー,54.0,250.0,602.0,954.0,1388.0,1748.0,2063.0,2463.0,2868.0
"","",214,リカー,13.0,64.0,144.0,225.0,321.0,393.0,472.0,616.0,718.0
"","",221,デイリーフーズ,57.0,205.0,461.0,797.0,1115.0,1342.0,1587.0,1910.0,2189.0
0000003510,橋本, ,橋本計,82.0,281.0,583.0,946.0,1424.0,1764.0,2208.0,2634.0,3092.0
"","",211,グロサリー,47.0,141.0,296.0,466.0,675.0,838.0,1038.0,1216.0,1411.0
"","",214,リカー,7.0,33.0,63.0,106.0,172.0,215.0,273.0,341.0,417.0
"","",221,デイリーフーズ,28.0,107.0,224.0,374.0,576.0,711.0,897.0,1076.0,1265.0
0000006090,むさし村山, ,むさし村山計,121.0,503.0,1050.0,1912.0,2680.0,3473.0,4618.0,5532.0,6602.0
"","",211,グロサリー,60.0,256.0,493.0,873.0,1220.0,1594.0,2136.0,2565.0,3045.0
"","",214,リカー,11.0,35.0,117.0,218.0,309.0,413.0,584.0,690.0,845.0
"","",221,デイリーフーズ,50.0,212.0,439.0,821.0,1151.0,1466.0,1898.0,2277.0,2712.0
0000006100,新潟南, ,新潟南計,80.0,304.0,722.0,1240.0,1737.0,2236.0,2887.0,3609.0,4244.0
"","",211,グロサリー,40.0,169.0,395.0,652.0,879.0,1149.0,1482.0,1816.0,2113.0
"","",214,リカー,17.0,31.0,77.0,132.0,207.0,259.0,351.0,472.0,562.0
"","",221,デイリーフーズ,24.0,104.0,250.0,456.0,651.0,827.0,1054.0,1321.0,1569.0
0000006610,八千代緑が丘, ,八千代緑が丘計,109.0,436.0,1119.0,1987.0,2793.0,3626.0,4436.0,5330.0,6293.0
"","",211,グロサリー,52.0,220.0,542.0,943.0,1328.0,1727.0,2113.0,2559.0,3025.0
"","",214,リカー,12.0,34.0,145.0,283.0,398.0,545.0,670.0,793.0,943.0
"","",221,デイリーフーズ,44.0,183.0,432.0,761.0,1067.0,1355.0,1653.0,1978.0,2325.0
0000006740,八街　　　　　　　, ,八街　　　　　　　計,52.0,163.0,380.0,621.0,864.0,1088.0,1279.0,1462.0,1659.0
"","",211,グロサリー,23.0,82.0,199.0,323.0,458.0,568.0,657.0,749.0,838.0
"","",214,リカー,6.0,29.0,49.0,80.0,106.0,138.0,167.0,201.0,225.0
"","",221,デイリーフーズ,23.0,52.0,131.0,218.0,300.0,382.0,455.0,512.0,595.0
0000010610,吉川美南, ,吉川美南計,33.0,188.0,475.0,896.0,1259.0,1652.0,1991.0,2443.0,2856.0
"","",211,グロサリー,13.0,94.0,230.0,415.0,577.0,757.0,913.0,1099.0,1269.0
"","",214,リカー,4.0,11.0,28.0,51.0,88.0,126.0,153.0,222.0,275.0
"","",221,デイリーフーズ,17.0,84.0,217.0,429.0,595.0,769.0,926.0,1122.0,1311.0
0000017280,栃木　　　　　　　, ,栃木　　　　　　　計,82.0,222.0,494.0,893.0,1222.0,1624.0,2019.0,2449.0,2977.0
"","",211,グロサリー,37.0,110.0,254.0,437.0,599.0,827.0,1039.0,1261.0,1515.0
"","",214,リカー,11.0,29.0,64.0,109.0,130.0,163.0,196.0,229.0,293.0
"","",221,デイリーフーズ,33.0,83.0,176.0,346.0,493.0,633.0,784.0,960.0,1169.0
0000024150,かほく, ,かほく計,50.0,220.0,565.0,1088.0,1510.0,1924.0,2421.0,3012.0,3631.0
"","",211,グロサリー,20.0,116.0,327.0,581.0,809.0,1032.0,1277.0,1577.0,1898.0
"","",214,リカー,1.0,19.0,42.0,115.0,154.0,211.0,300.0,400.0,483.0
"","",221,デイリーフーズ,30.0,85.0,197.0,392.0,547.0,681.0,843.0,1035.0,1250.0
0000031060,金沢シーサイド, ,金沢シーサイド計,64.0,236.0,671.0,1253.0,1839.0,2304.0,2791.0,3426.0,4152.0
"","",211,グロサリー,29.0,109.0,295.0,539.0,792.0,1002.0,1224.0,1497.0,1820.0
"","",214,リカー,10.0,32.0,98.0,184.0,268.0,340.0,411.0,532.0,641.0
"","",221,デイリーフーズ,25.0,94.0,278.0,530.0,780.0,963.0,1156.0,1397.0,1691.0
0000006780,高根木戸, ,高根木戸計,57.0,238.0,644.0,1174.0,1616.0,1982.0,2463.0,2943.0,3366.0
"","",211,グロサリー,23.0,102.0,284.0,533.0,732.0,901.0,1126.0,1347.0,1533.0
"","",214,リカー,17.0,48.0,104.0,160.0,219.0,266.0,317.0,372.0,439.0
"","",221,デイリーフーズ,17.0,87.0,256.0,480.0,664.0,815.0,1020.0,1225.0,1394.0
0000015370,大和鶴間, ,大和鶴間計,188.0,600.0,1306.0,2122.0,3101.0,3871.0,4754.0,5668.0,6841.0
"","",211,グロサリー,86.0,272.0,607.0,965.0,1411.0,1791.0,2207.0,2630.0,3142.0
"","",214,リカー,30.0,107.0,203.0,315.0,436.0,516.0,616.0,735.0,927.0
"","",221,デイリーフーズ,72.0,220.0,496.0,841.0,1253.0,1564.0,1931.0,2303.0,2772.0
0000017340,小山　　　　　　　, ,小山　　　　　　　計,132.0,370.0,720.0,1144.0,1536.0,1890.0,2400.0,2880.0,3493.0
"","",211,グロサリー,58.0,159.0,343.0,545.0,735.0,897.0,1155.0,1382.0,1682.0
"","",214,リカー,15.0,45.0,87.0,119.0,148.0,183.0,252.0,297.0,359.0
"","",221,デイリーフーズ,59.0,167.0,291.0,480.0,653.0,810.0,993.0,1201.0,1452.0
0000025250,高岡, ,高岡計,149.0,270.0,428.0,606.0,784.0,946.0,1065.0,1222.0,1405.0
"","",211,グロサリー,66.0,133.0,225.0,307.0,391.0,491.0,553.0,626.0,698.0
"","",214,リカー,36.0,55.0,71.0,107.0,142.0,158.0,179.0,204.0,263.0
"","",221,デイリーフーズ,46.0,82.0,131.0,192.0,250.0,298.0,333.0,392.0,445.0
0000031100,駒岡店, ,駒岡店計,385.0,742.0,1290.0,2023.0,2672.0,3207.0,3772.0,4345.0,5014.0
"","",211,グロサリー,169.0,308.0,586.0,934.0,1232.0,1493.0,1757.0,2052.0,2375.0
"","",214,リカー,75.0,157.0,220.0,335.0,430.0,501.0,589.0,668.0,778.0
"","",221,デイリーフーズ,141.0,277.0,484.0,754.0,1011.0,1212.0,1425.0,1625.0,1861.0
0000032060,与野, ,与野計,267.0,673.0,1566.0,2794.0,3938.0,4950.0,6209.0,7630.0,8940.0
"","",211,グロサリー,140.0,345.0,779.0,1375.0,1945.0,2464.0,3072.0,3794.0,4444.0
"","",214,リカー,41.0,88.0,203.0,313.0,459.0,577.0,767.0,966.0,1147.0
"","",221,デイリーフーズ,86.0,241.0,583.0,1106.0,1534.0,1909.0,2370.0,2870.0,3348.0
0000060320,西新井, ,西新井計,68.0,181.0,476.0,838.0,1307.0,1615.0,2013.0,2397.0,2987.0
"","",211,グロサリー,33.0,84.0,230.0,385.0,599.0,738.0,929.0,1103.0,1367.0
"","",214,リカー,11.0,31.0,72.0,131.0,218.0,274.0,342.0,404.0,499.0
"","",221,デイリーフーズ,24.0,66.0,174.0,322.0,490.0,602.0,742.0,890.0,1121.0
0000006760,東金　　　　　　　, ,東金　　　　　　　計,0.0,75.0,353.0,664.0,913.0,1188.0,1482.0,1811.0,2143.0
"","",211,グロサリー,0.0,38.0,167.0,314.0,429.0,570.0,722.0,852.0,995.0
"","",214,リカー,0.0,12.0,53.0,75.0,111.0,144.0,173.0,229.0,278.0
"","",221,デイリーフーズ,0.0,25.0,133.0,275.0,372.0,474.0,587.0,730.0,870.0
0000006880,ノア, ,ノア計,68.0,230.0,668.0,1099.0,1623.0,1986.0,2455.0,3007.0,3494.0
"","",211,グロサリー,26.0,118.0,315.0,516.0,784.0,953.0,1179.0,1434.0,1662.0
"","",214,リカー,10.0,16.0,57.0,88.0,127.0,153.0,212.0,273.0,337.0
"","",221,デイリーフーズ,32.0,96.0,297.0,495.0,713.0,880.0,1063.0,1300.0,1495.0
0000017360,笠間　　　　　　　, ,笠間　　　　　　　計,44.0,118.0,405.0,833.0,1108.0,1354.0,1679.0,2095.0,2537.0
"","",211,グロサリー,20.0,51.0,173.0,376.0,510.0,635.0,796.0,970.0,1141.0
"","",214,リカー,11.0,29.0,82.0,126.0,166.0,191.0,226.0,305.0,408.0
"","",221,デイリーフーズ,13.0,39.0,150.0,331.0,432.0,527.0,657.0,820.0,988.0
0000017380,今市　　　　　　　, ,今市　　　　　　　計,86.0,197.0,387.0,757.0,1031.0,1245.0,1556.0,1859.0,2190.0
"","",211,グロサリー,42.0,87.0,173.0,346.0,469.0,566.0,700.0,846.0,990.0
"","",214,リカー,4.0,28.0,64.0,118.0,167.0,195.0,264.0,307.0,362.0
"","",221,デイリーフーズ,40.0,82.0,150.0,292.0,396.0,485.0,591.0,706.0,838.0
0000017910,大和, ,大和計,89.0,383.0,1023.0,1714.0,2453.0,3055.0,3907.0,4589.0,5425.0
"","",211,グロサリー,50.0,186.0,485.0,825.0,1202.0,1478.0,1858.0,2210.0,2612.0
"","",214,リカー,11.0,58.0,142.0,218.0,314.0,406.0,533.0,612.0,741.0
"","",221,デイリーフーズ,28.0,139.0,396.0,671.0,937.0,1172.0,1516.0,1767.0,2072.0
0000025280,小松, ,小松計,222.0,330.0,554.0,913.0,1147.0,1433.0,1630.0,1902.0,2216.0
"","",211,グロサリー,109.0,160.0,269.0,433.0,547.0,683.0,774.0,912.0,1063.0
"","",214,リカー,31.0,52.0,75.0,111.0,137.0,165.0,191.0,219.0,270.0
"","",221,デイリーフーズ,81.0,118.0,210.0,370.0,464.0,584.0,665.0,771.0,884.0
0000049490,上麻生, ,上麻生計,0.0,65.0,201.0,384.0,506.0,613.0,757.0,939.0,1116.0
"","",211,グロサリー,0.0,26.0,80.0,158.0,213.0,256.0,326.0,394.0,466.0
"","",214,リカー,0.0,7.0,25.0,43.0,52.0,68.0,83.0,122.0,145.0
"","",221,デイリーフーズ,0.0,33.0,96.0,183.0,240.0,289.0,349.0,424.0,505.0
0000082910,ヴィルマルシェ青山, ,ヴィルマルシェ青山計,19.0,63.0,149.0,260.0,360.0,462.0,541.0,631.0,718.0
"","",211,グロサリー,10.0,28.0,67.0,122.0,157.0,201.0,232.0,269.0,304.0
"","",214,リカー,0.0,6.0,9.0,17.0,34.0,52.0,61.0,68.0,81.0
"","",221,デイリーフーズ,8.0,30.0,73.0,122.0,169.0,209.0,247.0,294.0,333.0
0000006820,臼井, ,臼井計,40.0,191.0,485.0,864.0,1166.0,1421.0,1723.0,2056.0,2376.0
"","",211,グロサリー,12.0,88.0,225.0,409.0,538.0,657.0,801.0,966.0,1105.0
"","",214,リカー,5.0,29.0,66.0,99.0,130.0,149.0,176.0,212.0,254.0
"","",221,デイリーフーズ,22.0,74.0,194.0,356.0,498.0,614.0,746.0,878.0,1017.0
0000009210,三条, ,三条計,228.0,309.0,522.0,729.0,879.0,1050.0,1207.0,1429.0,1675.0
"","",211,グロサリー,104.0,140.0,225.0,324.0,392.0,476.0,536.0,642.0,747.0
"","",214,リカー,47.0,61.0,100.0,121.0,147.0,166.0,198.0,233.0,284.0
"","",221,デイリーフーズ,76.0,109.0,197.0,284.0,340.0,407.0,473.0,553.0,644.0
0000017370,常陸大宮　　　　　, ,常陸大宮　　　　　計,48.0,121.0,323.0,537.0,726.0,867.0,1054.0,1280.0,1595.0
"","",211,グロサリー,21.0,61.0,166.0,275.0,369.0,441.0,520.0,646.0,795.0
"","",214,リカー,13.0,28.0,66.0,87.0,120.0,135.0,172.0,202.0,263.0
"","",221,デイリーフーズ,14.0,31.0,91.0,176.0,237.0,291.0,362.0,432.0,537.0
0000024510,みぶ　　　　　　　, ,みぶ　　　　　　　計,78.0,163.0,308.0,448.0,580.0,674.0,785.0,917.0,1071.0
"","",211,グロサリー,35.0,79.0,147.0,208.0,260.0,306.0,351.0,411.0,472.0
"","",214,リカー,13.0,28.0,51.0,74.0,104.0,114.0,136.0,165.0,201.0
"","",221,デイリーフーズ,30.0,56.0,109.0,166.0,216.0,254.0,298.0,341.0,398.0
0000031030,藤沢, ,藤沢計,128.0,399.0,933.0,1534.0,2082.0,2534.0,3073.0,3608.0,4188.0
"","",211,グロサリー,46.0,173.0,410.0,675.0,917.0,1119.0,1349.0,1563.0,1813.0
"","",214,リカー,31.0,64.0,125.0,208.0,283.0,349.0,430.0,517.0,626.0
"","",221,デイリーフーズ,51.0,163.0,398.0,652.0,881.0,1066.0,1293.0,1529.0,1749.0
0000031080,八潮南, ,八潮南計,50.0,154.0,372.0,680.0,936.0,1151.0,1485.0,1785.0,2134.0
"","",211,グロサリー,17.0,46.0,151.0,277.0,388.0,491.0,641.0,776.0,906.0
"","",214,リカー,8.0,32.0,64.0,119.0,149.0,170.0,226.0,260.0,316.0
"","",221,デイリーフーズ,25.0,76.0,157.0,284.0,399.0,490.0,618.0,748.0,912.0
0000032290,美園三丁目, ,美園三丁目計,12.0,61.0,102.0,219.0,334.0,391.0,479.0,583.0,738.0
"","",211,グロサリー,5.0,29.0,50.0,98.0,146.0,170.0,213.0,255.0,314.0
"","",214,リカー,0.0,6.0,10.0,25.0,42.0,46.0,53.0,67.0,93.0
"","",221,デイリーフーズ,7.0,26.0,41.0,97.0,145.0,175.0,214.0,261.0,331.0
0000049500,戸塚, ,戸塚計,0.0,244.0,643.0,1191.0,1812.0,2287.0,2948.0,3589.0,4220.0
"","",211,グロサリー,0.0,105.0,268.0,479.0,743.0,951.0,1247.0,1523.0,1785.0
"","",214,リカー,0.0,50.0,109.0,211.0,309.0,391.0,484.0,561.0,662.0
"","",221,デイリーフーズ,0.0,90.0,267.0,500.0,760.0,944.0,1217.0,1505.0,1773.0
0000049810,河辺, ,河辺計,0.0,107.0,369.0,749.0,1068.0,1394.0,1737.0,2068.0,2509.0
"","",211,グロサリー,0.0,41.0,154.0,295.0,425.0,564.0,698.0,828.0,995.0
"","",214,リカー,0.0,12.0,48.0,87.0,114.0,151.0,187.0,231.0,317.0
"","",221,デイリーフーズ,0.0,54.0,167.0,366.0,528.0,679.0,852.0,1010.0,1198.0
0000009350,長岡, ,長岡計,36.0,174.0,399.0,701.0,965.0,1250.0,1519.0,1891.0,2176.0
"","",211,グロサリー,20.0,84.0,193.0,338.0,458.0,602.0,736.0,925.0,1075.0
"","",214,リカー,7.0,49.0,79.0,124.0,160.0,215.0,261.0,328.0,359.0
"","",221,デイリーフーズ,9.0,41.0,126.0,240.0,347.0,433.0,522.0,639.0,742.0
0000024500,那珂町　　　　, ,那珂町　　　　計,150.0,215.0,350.0,556.0,736.0,863.0,1047.0,1203.0,1424.0
"","",211,グロサリー,81.0,116.0,194.0,300.0,388.0,456.0,560.0,639.0,744.0
"","",214,リカー,20.0,30.0,42.0,70.0,94.0,107.0,128.0,149.0,190.0
"","",221,デイリーフーズ,49.0,69.0,114.0,186.0,254.0,301.0,358.0,415.0,490.0
0000025310,松任, ,松任計,41.0,175.0,466.0,851.0,1168.0,1501.0,1867.0,2185.0,2539.0
"","",211,グロサリー,20.0,106.0,235.0,390.0,535.0,656.0,817.0,965.0,1112.0
"","",214,リカー,5.0,16.0,73.0,133.0,189.0,275.0,349.0,403.0,479.0
"","",221,デイリーフーズ,16.0,53.0,157.0,328.0,444.0,570.0,701.0,818.0,949.0
0000030080,ＦＦ鶴田, ,ＦＦ鶴田計,13.0,30.0,61.0,92.0,133.0,147.0,175.0,203.0,277.0
"","",211,グロサリー,6.0,12.0,23.0,38.0,56.0,63.0,81.0,99.0,144.0
"","",214,リカー,2.0,6.0,17.0,18.0,27.0,29.0,29.0,32.0,39.0
"","",221,デイリーフーズ,5.0,12.0,21.0,36.0,50.0,56.0,64.0,72.0,93.0
0000031130,相模原, ,相模原計,153.0,584.0,1385.0,2340.0,3274.0,4032.0,5032.0,5931.0,7095.0
"","",211,グロサリー,70.0,265.0,642.0,1073.0,1496.0,1854.0,2295.0,2714.0,3245.0
"","",214,リカー,15.0,75.0,179.0,311.0,423.0,523.0,695.0,828.0,1019.0
"","",221,デイリーフーズ,68.0,244.0,564.0,955.0,1355.0,1656.0,2041.0,2388.0,2831.0
0000031260,北戸田, ,北戸田計,275.0,801.0,1662.0,2745.0,3844.0,4723.0,5926.0,7218.0,8558.0
"","",211,グロサリー,130.0,377.0,781.0,1291.0,1793.0,2215.0,2802.0,3443.0,4094.0
"","",214,リカー,56.0,151.0,312.0,480.0,637.0,793.0,977.0,1159.0,1354.0
"","",221,デイリーフーズ,89.0,272.0,569.0,974.0,1414.0,1714.0,2146.0,2615.0,3110.0
0000031760,検見川浜, ,検見川浜計,136.0,368.0,752.0,1277.0,1742.0,2127.0,2609.0,3143.0,3707.0
"","",211,グロサリー,61.0,174.0,336.0,551.0,736.0,912.0,1128.0,1349.0,1586.0
"","",214,リカー,21.0,48.0,87.0,171.0,230.0,266.0,323.0,385.0,458.0
"","",221,デイリーフーズ,55.0,147.0,329.0,555.0,776.0,949.0,1159.0,1408.0,1663.0
0000050440,横浜瀬谷, ,横浜瀬谷計,4.0,69.0,220.0,375.0,510.0,612.0,734.0,874.0,1054.0
"","",211,グロサリー,3.0,23.0,76.0,126.0,178.0,209.0,254.0,305.0,361.0
"","",214,リカー,0.0,15.0,34.0,62.0,72.0,82.0,95.0,114.0,135.0
"","",221,デイリーフーズ,2.0,31.0,110.0,187.0,259.0,321.0,384.0,455.0,558.0
0000051480,ふじみ野, ,ふじみ野計,52.0,175.0,447.0,883.0,1288.0,1776.0,2132.0,2699.0,3167.0
"","",211,グロサリー,31.0,90.0,203.0,413.0,585.0,824.0,997.0,1259.0,1444.0
"","",214,リカー,3.0,8.0,22.0,38.0,64.0,106.0,125.0,172.0,208.0
"","",221,デイリーフーズ,18.0,77.0,222.0,432.0,639.0,846.0,1010.0,1267.0,1515.0
0000093970,有明ガーデン, ,有明ガーデン計,23.0,83.0,211.0,408.0,634.0,949.0,1301.0,1678.0,2227.0
"","",211,グロサリー,15.0,45.0,97.0,170.0,268.0,383.0,510.0,649.0,859.0
"","",214,リカー,3.0,8.0,28.0,52.0,87.0,162.0,237.0,303.0,388.0
"","",221,デイリーフーズ,5.0,30.0,87.0,186.0,279.0,404.0,554.0,726.0,980.0
0000006920,大網白里　　　　　, ,大網白里　　　　　計,29.0,136.0,453.0,782.0,990.0,1208.0,1508.0,1797.0,2160.0
"","",211,グロサリー,13.0,57.0,222.0,385.0,484.0,587.0,717.0,866.0,1034.0
"","",214,リカー,2.0,17.0,43.0,68.0,97.0,125.0,172.0,192.0,237.0
"","",221,デイリーフーズ,14.0,62.0,188.0,329.0,410.0,497.0,619.0,738.0,889.0
0000009490,新潟東, ,新潟東計,109.0,267.0,657.0,1087.0,1468.0,1769.0,2157.0,2550.0,2955.0
"","",211,グロサリー,50.0,141.0,340.0,561.0,740.0,880.0,1067.0,1261.0,1463.0
"","",214,リカー,22.0,41.0,82.0,129.0,199.0,232.0,279.0,332.0,370.0
"","",221,デイリーフーズ,37.0,84.0,235.0,396.0,529.0,657.0,810.0,958.0,1122.0
0000024570,東海　　　　　　　, ,東海　　　　　　　計,43.0,149.0,374.0,696.0,935.0,1257.0,1534.0,1831.0,2092.0
"","",211,グロサリー,23.0,77.0,202.0,372.0,509.0,678.0,808.0,959.0,1096.0
"","",214,リカー,5.0,13.0,28.0,51.0,66.0,92.0,131.0,171.0,200.0
"","",221,デイリーフーズ,15.0,59.0,143.0,273.0,360.0,488.0,594.0,701.0,796.0
0000025320,加賀の里, ,加賀の里計,185.0,347.0,657.0,1058.0,1356.0,1568.0,1903.0,2243.0,2655.0
"","",211,グロサリー,75.0,146.0,269.0,448.0,575.0,669.0,820.0,967.0,1153.0
"","",214,リカー,39.0,58.0,122.0,172.0,206.0,235.0,292.0,337.0,394.0
"","",221,デイリーフーズ,71.0,144.0,267.0,439.0,574.0,664.0,791.0,939.0,1108.0
0000031140,秦野, ,秦野計,194.0,637.0,1624.0,2747.0,3561.0,4512.0,5351.0,6323.0,7223.0
"","",211,グロサリー,86.0,321.0,832.0,1425.0,1853.0,2325.0,2737.0,3234.0,3701.0
"","",214,リカー,22.0,70.0,170.0,296.0,389.0,502.0,609.0,747.0,853.0
"","",221,デイリーフーズ,86.0,246.0,622.0,1026.0,1319.0,1685.0,2005.0,2341.0,2669.0
0000032020,鎌ケ谷, ,鎌ケ谷計,120.0,434.0,1039.0,1859.0,2718.0,3378.0,4205.0,5024.0,5879.0
"","",211,グロサリー,49.0,214.0,478.0,869.0,1302.0,1609.0,1992.0,2382.0,2747.0
"","",214,リカー,38.0,78.0,192.0,294.0,404.0,486.0,621.0,745.0,898.0
"","",221,デイリーフーズ,34.0,141.0,369.0,695.0,1013.0,1283.0,1592.0,1897.0,2235.0
0000032270,新井宿駅前, ,新井宿駅前計,57.0,95.0,169.0,269.0,361.0,467.0,595.0,712.0,851.0
"","",211,グロサリー,26.0,44.0,71.0,104.0,143.0,186.0,229.0,276.0,331.0
"","",214,リカー,11.0,19.0,32.0,70.0,80.0,94.0,108.0,132.0,158.0
"","",221,デイリーフーズ,19.0,32.0,66.0,95.0,138.0,188.0,257.0,304.0,361.0
0000035660,高崎駅前, ,高崎駅前計,72.0,151.0,304.0,516.0,715.0,932.0,1156.0,1413.0,1726.0
"","",211,グロサリー,38.0,83.0,144.0,232.0,314.0,400.0,492.0,601.0,715.0
"","",214,リカー,5.0,10.0,23.0,52.0,92.0,139.0,172.0,214.0,285.0
"","",221,デイリーフーズ,29.0,58.0,138.0,233.0,308.0,393.0,492.0,598.0,727.0
0000051540,横浜和田町, ,横浜和田町計,0.0,74.0,180.0,347.0,489.0,593.0,760.0,895.0,1076.0
"","",211,グロサリー,0.0,35.0,82.0,151.0,215.0,268.0,341.0,395.0,481.0
"","",214,リカー,0.0,15.0,28.0,51.0,66.0,81.0,104.0,126.0,163.0
"","",221,デイリーフーズ,0.0,25.0,70.0,145.0,208.0,244.0,314.0,373.0,432.0
0000060290,石和, ,石和計,0.0,1.0,2.0,7.0,11.0,15.0,19.0,25.0,36.0
"","",211,グロサリー,0.0,1.0,1.0,4.0,6.0,8.0,9.0,9.0,10.0
"","",214,リカー,0.0,0.0,2.0,4.0,5.0,6.0,10.0,16.0,26.0
0000006930,鴨川　　　　　　　, ,鴨川　　　　　　　計,37.0,153.0,429.0,751.0,975.0,1172.0,1476.0,1705.0,2007.0
"","",211,グロサリー,13.0,69.0,209.0,341.0,449.0,551.0,662.0,770.0,880.0
"","",214,リカー,9.0,16.0,57.0,94.0,126.0,147.0,226.0,262.0,329.0
"","",221,デイリーフーズ,15.0,68.0,163.0,316.0,400.0,474.0,588.0,673.0,797.0
0000009500,村上東, ,村上東計,69.0,146.0,346.0,555.0,721.0,887.0,1096.0,1294.0,1474.0
"","",211,グロサリー,23.0,62.0,169.0,286.0,367.0,449.0,554.0,651.0,726.0
"","",214,リカー,23.0,30.0,59.0,71.0,90.0,118.0,142.0,165.0,207.0
"","",221,デイリーフーズ,23.0,54.0,119.0,198.0,264.0,320.0,400.0,477.0,541.0
0000024580,鹿嶋　　　　　　　, ,鹿嶋　　　　　　　計,114.0,189.0,357.0,644.0,886.0,1192.0,1518.0,1780.0,2046.0
"","",211,グロサリー,54.0,85.0,166.0,304.0,421.0,589.0,750.0,862.0,977.0
"","",214,リカー,17.0,28.0,37.0,59.0,76.0,101.0,135.0,170.0,204.0
"","",221,デイリーフーズ,43.0,75.0,154.0,282.0,389.0,501.0,632.0,748.0,865.0
0000036140,野々市南, ,野々市南計,188.0,271.0,413.0,631.0,797.0,939.0,1121.0,1320.0,1571.0
"","",211,グロサリー,91.0,133.0,197.0,289.0,368.0,439.0,529.0,610.0,723.0
"","",214,リカー,30.0,40.0,59.0,100.0,123.0,144.0,176.0,209.0,242.0
"","",221,デイリーフーズ,67.0,98.0,157.0,242.0,305.0,357.0,416.0,501.0,606.0
0000050570,幕張ベイパーク, ,幕張ベイパーク計,0.0,105.0,260.0,509.0,782.0,1010.0,1271.0,1575.0,1980.0
"","",211,グロサリー,0.0,38.0,93.0,196.0,320.0,417.0,524.0,647.0,804.0
"","",214,リカー,0.0,14.0,39.0,73.0,105.0,128.0,163.0,200.0,255.0
"","",221,デイリーフーズ,0.0,54.0,128.0,240.0,357.0,464.0,585.0,728.0,921.0
0000052640,川口, ,川口計,81.0,230.0,632.0,1243.0,1942.0,2602.0,3435.0,4226.0,5207.0
"","",211,グロサリー,41.0,118.0,309.0,580.0,884.0,1197.0,1547.0,1894.0,2323.0
"","",214,リカー,16.0,35.0,74.0,131.0,239.0,323.0,390.0,462.0,575.0
"","",221,デイリーフーズ,25.0,77.0,249.0,531.0,818.0,1082.0,1498.0,1870.0,2310.0
0000060230,北浦和, ,北浦和計,108.0,348.0,834.0,1448.0,2021.0,2519.0,3107.0,3677.0,4251.0
"","",211,グロサリー,47.0,175.0,419.0,698.0,962.0,1225.0,1503.0,1769.0,2017.0
"","",214,リカー,22.0,41.0,85.0,146.0,198.0,238.0,306.0,367.0,461.0
"","",221,デイリーフーズ,38.0,133.0,330.0,605.0,862.0,1056.0,1298.0,1541.0,1772.0
0000805350,大月, ,大月計,0.0,95.0,219.0,431.0,553.0,708.0,886.0,1037.0,1206.0
"","",211,グロサリー,0.0,54.0,112.0,211.0,265.0,339.0,428.0,494.0,571.0
"","",214,リカー,0.0,16.0,32.0,53.0,70.0,104.0,133.0,149.0,170.0
"","",221,デイリーフーズ,0.0,25.0,74.0,167.0,218.0,265.0,326.0,394.0,465.0
0000805860,練馬, ,練馬計,0.0,207.0,708.0,1491.0,2082.0,2723.0,3442.0,4157.0,5057.0
"","",211,グロサリー,0.0,105.0,346.0,705.0,958.0,1257.0,1581.0,1892.0,2295.0
"","",214,リカー,0.0,26.0,77.0,181.0,282.0,393.0,510.0,626.0,771.0
"","",221,デイリーフーズ,0.0,76.0,286.0,606.0,841.0,1072.0,1351.0,1639.0,1991.0
0000006950,旭　　　　　　　　, ,旭　　　　　　　　計,27.0,68.0,217.0,429.0,657.0,820.0,1001.0,1199.0,1413.0
"","",211,グロサリー,12.0,31.0,102.0,203.0,315.0,399.0,486.0,579.0,689.0
"","",214,リカー,6.0,10.0,26.0,42.0,67.0,82.0,101.0,122.0,149.0
"","",221,デイリーフーズ,9.0,27.0,90.0,184.0,275.0,340.0,414.0,497.0,575.0
0000009560,十日町, ,十日町計,51.0,167.0,311.0,525.0,656.0,802.0,953.0,1157.0,1371.0
"","",211,グロサリー,23.0,75.0,140.0,223.0,272.0,344.0,421.0,501.0,604.0
"","",214,リカー,14.0,42.0,63.0,111.0,135.0,168.0,190.0,237.0,274.0
"","",221,デイリーフーズ,14.0,50.0,109.0,192.0,249.0,290.0,342.0,419.0,494.0
0000031890,水戸下市, ,水戸下市計,36.0,102.0,268.0,428.0,556.0,682.0,838.0,971.0,1139.0
"","",211,グロサリー,13.0,51.0,137.0,223.0,289.0,347.0,428.0,483.0,560.0
"","",214,リカー,6.0,11.0,28.0,38.0,48.0,70.0,90.0,108.0,125.0
"","",221,デイリーフーズ,17.0,40.0,104.0,168.0,219.0,265.0,319.0,380.0,455.0
0000041940,座間, ,座間計,97.0,375.0,929.0,1811.0,2646.0,3494.0,4337.0,5447.0,6525.0
"","",211,グロサリー,36.0,164.0,430.0,828.0,1230.0,1668.0,2054.0,2545.0,3043.0
"","",214,リカー,30.0,61.0,139.0,260.0,363.0,469.0,630.0,829.0,1009.0
"","",221,デイリーフーズ,32.0,150.0,360.0,723.0,1053.0,1356.0,1653.0,2073.0,2473.0
0000052160,千葉みなと, ,千葉みなと計,0.0,63.0,228.0,453.0,670.0,842.0,1056.0,1239.0,1541.0
"","",211,グロサリー,0.0,27.0,94.0,196.0,299.0,379.0,465.0,546.0,679.0
"","",214,リカー,0.0,10.0,34.0,70.0,96.0,124.0,161.0,193.0,236.0
"","",221,デイリーフーズ,0.0,27.0,100.0,188.0,275.0,339.0,430.0,500.0,626.0
0000058040,金沢, ,金沢計,69.0,204.0,464.0,779.0,1062.0,1314.0,1611.0,1943.0,2330.0
"","",211,グロサリー,37.0,117.0,233.0,371.0,499.0,624.0,773.0,930.0,1090.0
"","",214,リカー,9.0,23.0,82.0,124.0,168.0,210.0,260.0,320.0,393.0
"","",221,デイリーフーズ,23.0,64.0,149.0,284.0,395.0,479.0,578.0,692.0,847.0
0000060270,せんげん台, ,せんげん台計,125.0,366.0,761.0,1303.0,1778.0,2179.0,2588.0,3089.0,3570.0
"","",211,グロサリー,48.0,156.0,319.0,570.0,776.0,952.0,1151.0,1363.0,1567.0
"","",214,リカー,32.0,64.0,116.0,175.0,230.0,276.0,323.0,415.0,485.0
"","",221,デイリーフーズ,44.0,147.0,326.0,558.0,772.0,951.0,1114.0,1311.0,1518.0
0000060380,新座, ,新座計,66.0,162.0,373.0,689.0,1017.0,1299.0,1659.0,1955.0,2367.0
"","",211,グロサリー,27.0,73.0,181.0,327.0,484.0,620.0,791.0,920.0,1099.0
"","",214,リカー,13.0,22.0,41.0,68.0,101.0,145.0,189.0,217.0,273.0
"","",221,デイリーフーズ,26.0,67.0,151.0,294.0,432.0,535.0,679.0,817.0,995.0
0000006070,東久留米, ,東久留米計,0.0,243.0,1005.0,1715.0,2683.0,3344.0,4293.0,5207.0,6413.0
"","",211,グロサリー,0.0,101.0,429.0,722.0,1169.0,1453.0,1864.0,2232.0,2733.0
"","",214,リカー,0.0,47.0,178.0,303.0,449.0,556.0,754.0,921.0,1140.0
"","",221,デイリーフーズ,0.0,94.0,398.0,689.0,1065.0,1335.0,1674.0,2054.0,2540.0
0000009570,白根, ,白根計,184.0,300.0,533.0,821.0,1049.0,1240.0,1452.0,1672.0,1895.0
"","",211,グロサリー,82.0,147.0,252.0,363.0,462.0,548.0,639.0,737.0,814.0
"","",214,リカー,48.0,63.0,92.0,148.0,188.0,219.0,245.0,271.0,314.0
"","",221,デイリーフーズ,54.0,90.0,189.0,310.0,399.0,473.0,568.0,664.0,768.0
0000017870,千葉ニュータウン, ,千葉ニュータウン計,63.0,224.0,573.0,1132.0,1663.0,2176.0,2796.0,3489.0,4171.0
"","",211,グロサリー,34.0,118.0,299.0,548.0,799.0,1051.0,1348.0,1710.0,2058.0
"","",214,リカー,1.0,15.0,60.0,115.0,175.0,242.0,347.0,414.0,493.0
"","",221,デイリーフーズ,28.0,92.0,214.0,469.0,689.0,882.0,1101.0,1365.0,1620.0
0000031200,東雲, ,東雲計,723.0,1207.0,1986.0,3156.0,4183.0,5168.0,6085.0,7204.0,8595.0
"","",211,グロサリー,300.0,517.0,833.0,1333.0,1793.0,2202.0,2604.0,3062.0,3648.0
"","",214,リカー,136.0,222.0,368.0,575.0,758.0,978.0,1155.0,1358.0,1603.0
"","",221,デイリーフーズ,287.0,468.0,785.0,1248.0,1632.0,1988.0,2325.0,2784.0,3344.0
0000032250,佐野新都市, ,佐野新都市計,146.0,331.0,678.0,1041.0,1424.0,1768.0,2192.0,2639.0,3161.0
"","",211,グロサリー,76.0,171.0,329.0,501.0,709.0,887.0,1119.0,1340.0,1586.0
"","",214,リカー,11.0,25.0,87.0,129.0,168.0,203.0,245.0,283.0,358.0
"","",221,デイリーフーズ,59.0,135.0,262.0,411.0,547.0,678.0,828.0,1017.0,1217.0
0000041960,つきみ野, ,つきみ野計,0.0,81.0,205.0,331.0,459.0,583.0,688.0,820.0,1013.0
"","",211,グロサリー,0.0,29.0,86.0,149.0,209.0,263.0,310.0,365.0,442.0
"","",214,リカー,0.0,11.0,19.0,31.0,41.0,51.0,65.0,84.0,112.0
"","",221,デイリーフーズ,0.0,40.0,100.0,151.0,210.0,269.0,313.0,371.0,459.0
0000060350,東神奈川, ,東神奈川計,222.0,606.0,1146.0,1714.0,2337.0,2917.0,3532.0,4182.0,4867.0
"","",211,グロサリー,96.0,268.0,498.0,757.0,1043.0,1328.0,1629.0,1913.0,2239.0
"","",214,リカー,29.0,85.0,162.0,225.0,302.0,378.0,447.0,537.0,616.0
"","",221,デイリーフーズ,97.0,253.0,486.0,732.0,992.0,1211.0,1457.0,1732.0,2012.0
0000060390,北小金, ,北小金計,44.0,215.0,554.0,945.0,1346.0,1698.0,2115.0,2457.0,2948.0
"","",211,グロサリー,22.0,107.0,264.0,444.0,619.0,783.0,961.0,1108.0,1315.0
"","",214,リカー,5.0,25.0,74.0,103.0,150.0,204.0,267.0,318.0,398.0
"","",221,デイリーフーズ,17.0,82.0,216.0,398.0,577.0,712.0,886.0,1031.0,1236.0
0000060460,古河　　　　　　　, ,古河　　　　　　　計,96.0,236.0,468.0,797.0,1151.0,1522.0,1839.0,2246.0,2625.0
"","",211,グロサリー,56.0,138.0,243.0,401.0,573.0,785.0,930.0,1139.0,1318.0
"","",214,リカー,10.0,21.0,44.0,79.0,124.0,164.0,193.0,236.0,277.0
"","",221,デイリーフーズ,30.0,76.0,181.0,318.0,454.0,573.0,715.0,871.0,1030.0
0000060470,大井, ,大井計,125.0,364.0,811.0,1335.0,1827.0,2310.0,2757.0,3379.0,3961.0
"","",211,グロサリー,59.0,201.0,425.0,670.0,891.0,1140.0,1348.0,1602.0,1870.0
"","",214,リカー,18.0,36.0,96.0,164.0,245.0,302.0,373.0,492.0,577.0
"","",221,デイリーフーズ,49.0,127.0,290.0,502.0,691.0,868.0,1036.0,1285.0,1513.0
0000803260,南越谷, ,南越谷計,70.0,167.0,357.0,693.0,929.0,1179.0,1433.0,1727.0,2061.0
"","",211,グロサリー,21.0,74.0,163.0,312.0,413.0,521.0,637.0,767.0,920.0
"","",214,リカー,28.0,34.0,50.0,100.0,119.0,156.0,192.0,229.0,274.0
"","",221,デイリーフーズ,21.0,60.0,144.0,281.0,398.0,502.0,604.0,731.0,867.0
0000009580,六日町, ,六日町計,52.0,146.0,340.0,580.0,800.0,982.0,1301.0,1572.0,1840.0
"","",211,グロサリー,23.0,72.0,168.0,283.0,379.0,472.0,615.0,738.0,851.0
"","",214,リカー,16.0,28.0,56.0,94.0,129.0,159.0,211.0,257.0,318.0
"","",221,デイリーフーズ,13.0,46.0,116.0,203.0,292.0,352.0,475.0,577.0,671.0
0000024490,館山　　　　　　　, ,館山　　　　　　　計,56.0,241.0,600.0,1194.0,1640.0,2071.0,2576.0,3160.0,3664.0
"","",211,グロサリー,24.0,115.0,294.0,546.0,754.0,968.0,1211.0,1473.0,1707.0
"","",214,リカー,11.0,40.0,81.0,216.0,282.0,372.0,460.0,580.0,664.0
"","",221,デイリーフーズ,21.0,86.0,225.0,432.0,605.0,731.0,906.0,1106.0,1293.0
0000032260,キッズ佐野新都市, ,キッズ佐野新都市計,0.0,0.0,0.0,0.0,0.0,0.0,0.0,0.0,0.0
"","",211,グロサリー,0.0,0.0,0.0,0.0,0.0,0.0,0.0,0.0,0.0
0000060480,市川妙典, ,市川妙典計,115.0,361.0,971.0,1786.0,2688.0,3414.0,4230.0,5214.0,6195.0
"","",211,グロサリー,56.0,180.0,454.0,788.0,1164.0,1479.0,1842.0,2289.0,2697.0
"","",214,リカー,15.0,43.0,120.0,241.0,415.0,503.0,618.0,773.0,920.0
"","",221,デイリーフーズ,44.0,138.0,397.0,758.0,1109.0,1432.0,1769.0,2153.0,2578.0
0000060550,大宮, ,大宮計,105.0,269.0,617.0,1164.0,1627.0,2070.0,2539.0,2979.0,3446.0
"","",211,グロサリー,50.0,129.0,294.0,554.0,768.0,976.0,1187.0,1395.0,1605.0
"","",214,リカー,13.0,34.0,78.0,164.0,221.0,283.0,343.0,404.0,486.0
"","",221,デイリーフーズ,42.0,105.0,245.0,446.0,638.0,811.0,1009.0,1180.0,1355.0
0000063060,本牧, ,本牧計,170.0,457.0,1034.0,1631.0,2230.0,2727.0,3446.0,3982.0,4725.0
"","",211,グロサリー,68.0,205.0,510.0,810.0,1113.0,1380.0,1740.0,2012.0,2361.0
"","",214,リカー,45.0,95.0,162.0,241.0,333.0,400.0,517.0,585.0,705.0
"","",221,デイリーフーズ,56.0,157.0,362.0,581.0,783.0,946.0,1189.0,1385.0,1659.0
0000067320,高萩　　　　　　　, ,高萩　　　　　　　計,74.0,207.0,349.0,593.0,766.0,943.0,1155.0,1349.0,1563.0
"","",211,グロサリー,40.0,130.0,218.0,359.0,444.0,533.0,659.0,757.0,857.0
"","",214,リカー,10.0,19.0,31.0,56.0,82.0,110.0,131.0,163.0,197.0
"","",221,デイリーフーズ,24.0,58.0,100.0,179.0,240.0,300.0,365.0,430.0,509.0
0000009590,上越, ,上越計,83.0,182.0,420.0,784.0,1121.0,1448.0,1874.0,2258.0,2685.0
"","",211,グロサリー,47.0,105.0,219.0,408.0,596.0,764.0,1008.0,1219.0,1429.0
"","",214,リカー,16.0,28.0,82.0,129.0,160.0,221.0,263.0,314.0,388.0
"","",221,デイリーフーズ,20.0,49.0,120.0,247.0,365.0,463.0,602.0,725.0,868.0
0000031770,君津, ,君津計,102.0,253.0,532.0,827.0,1121.0,1393.0,1641.0,2003.0,2341.0
"","",211,グロサリー,46.0,115.0,226.0,357.0,480.0,617.0,715.0,882.0,1021.0
"","",214,リカー,20.0,37.0,89.0,121.0,156.0,181.0,222.0,261.0,320.0
"","",221,デイリーフーズ,36.0,101.0,216.0,348.0,485.0,595.0,705.0,859.0,999.0
0000060360,海老名, ,海老名計,77.0,322.0,757.0,1343.0,1944.0,2387.0,2992.0,3510.0,4146.0
"","",211,グロサリー,29.0,134.0,343.0,587.0,853.0,1034.0,1312.0,1549.0,1823.0
"","",214,リカー,12.0,39.0,72.0,146.0,218.0,263.0,332.0,380.0,450.0
"","",221,デイリーフーズ,36.0,148.0,343.0,610.0,873.0,1090.0,1348.0,1581.0,1873.0
0000082930,キッズノースポート, ,キッズノースポート計,0.0,0.0,0.0,1.0,1.0,1.0,2.0,3.0,4.0
"","",211,グロサリー,0.0,0.0,0.0,1.0,1.0,1.0,2.0,3.0,4.0
0000803780,東鷲宮, ,東鷲宮計,50.0,161.0,386.0,745.0,1041.0,1233.0,1481.0,1788.0,2038.0
"","",211,グロサリー,19.0,82.0,194.0,398.0,559.0,662.0,788.0,951.0,1082.0
"","",214,リカー,15.0,22.0,39.0,55.0,80.0,93.0,116.0,148.0,170.0
"","",221,デイリーフーズ,15.0,57.0,153.0,291.0,402.0,478.0,577.0,690.0,786.0
0000010020,小千谷, ,小千谷計,31.0,121.0,338.0,568.0,724.0,887.0,1044.0,1295.0,1540.0
"","",211,グロサリー,17.0,58.0,168.0,294.0,370.0,448.0,530.0,661.0,784.0
"","",214,リカー,5.0,17.0,38.0,63.0,82.0,112.0,128.0,159.0,205.0
"","",221,デイリーフーズ,9.0,46.0,132.0,211.0,272.0,326.0,386.0,475.0,551.0
0000032100,浦和美園, ,浦和美園計,255.0,671.0,1397.0,2318.0,3362.0,4198.0,5113.0,6322.0,7550.0
"","",211,グロサリー,120.0,333.0,651.0,1087.0,1618.0,2012.0,2454.0,3027.0,3611.0
"","",214,リカー,25.0,97.0,234.0,351.0,449.0,564.0,672.0,828.0,985.0
"","",221,デイリーフーズ,110.0,241.0,512.0,879.0,1296.0,1622.0,1986.0,2466.0,2954.0
0000060410,湘南茅ヶ崎, ,湘南茅ヶ崎計,38.0,212.0,566.0,998.0,1350.0,1731.0,2283.0,2757.0,3314.0
"","",211,グロサリー,16.0,92.0,252.0,422.0,575.0,775.0,1032.0,1221.0,1446.0
"","",214,リカー,5.0,33.0,95.0,175.0,230.0,272.0,360.0,438.0,543.0
"","",221,デイリーフーズ,18.0,86.0,219.0,400.0,545.0,685.0,890.0,1098.0,1325.0
0000804250,横須賀, ,横須賀計,104.0,401.0,932.0,1623.0,2410.0,2968.0,3793.0,4588.0,5359.0
"","",211,グロサリー,53.0,187.0,418.0,709.0,1033.0,1270.0,1649.0,1977.0,2313.0
"","",214,リカー,10.0,44.0,117.0,211.0,322.0,403.0,504.0,639.0,749.0
"","",221,デイリーフーズ,41.0,170.0,397.0,703.0,1055.0,1295.0,1639.0,1972.0,2298.0
0000006660,津田沼, ,津田沼計,532.0,1018.0,1890.0,2948.0,4290.0,5315.0,6612.0,7880.0,9554.0
"","",211,グロサリー,286.0,519.0,927.0,1414.0,2072.0,2598.0,3266.0,3903.0,4748.0
"","",214,リカー,47.0,136.0,280.0,414.0,586.0,708.0,838.0,1009.0,1200.0
"","",221,デイリーフーズ,198.0,364.0,683.0,1120.0,1632.0,2009.0,2508.0,2968.0,3607.0
0000017300,水戸内原, ,水戸内原計,61.0,205.0,542.0,901.0,1367.0,1834.0,2284.0,2930.0,3540.0
"","",211,グロサリー,20.0,102.0,284.0,460.0,702.0,958.0,1219.0,1563.0,1878.0
"","",214,リカー,15.0,37.0,82.0,146.0,209.0,255.0,323.0,404.0,510.0
"","",221,デイリーフーズ,26.0,66.0,176.0,295.0,456.0,621.0,741.0,963.0,1152.0
0000017690,太田, ,太田計,53.0,201.0,523.0,994.0,1395.0,1794.0,2164.0,2608.0,3066.0
"","",211,グロサリー,29.0,101.0,274.0,530.0,748.0,963.0,1153.0,1381.0,1609.0
"","",214,リカー,6.0,18.0,74.0,122.0,160.0,203.0,251.0,301.0,334.0
"","",221,デイリーフーズ,18.0,83.0,175.0,343.0,487.0,628.0,760.0,926.0,1123.0
0000025300,杜の里, ,杜の里計,288.0,479.0,917.0,1494.0,2057.0,2528.0,3181.0,3781.0,4517.0
"","",211,グロサリー,133.0,237.0,427.0,683.0,954.0,1170.0,1506.0,1781.0,2114.0
"","",214,リカー,51.0,62.0,130.0,209.0,278.0,335.0,422.0,507.0,622.0
"","",221,デイリーフーズ,104.0,180.0,361.0,602.0,825.0,1023.0,1253.0,1494.0,1781.0
0000031150,中条, ,中条計,76.0,163.0,370.0,617.0,828.0,982.0,1248.0,1471.0,1745.0
"","",211,グロサリー,32.0,70.0,147.0,245.0,338.0,401.0,512.0,610.0,729.0
"","",214,リカー,13.0,31.0,68.0,112.0,137.0,166.0,213.0,239.0,299.0
"","",221,デイリーフーズ,30.0,62.0,154.0,260.0,353.0,416.0,524.0,621.0,718.0
0000041830,多摩平の森, ,多摩平の森計,80.0,310.0,785.0,1511.0,2286.0,2939.0,3743.0,4585.0,5627.0
"","",211,グロサリー,36.0,141.0,326.0,655.0,988.0,1269.0,1631.0,1998.0,2394.0
"","",214,リカー,11.0,42.0,127.0,232.0,331.0,432.0,568.0,672.0,875.0
"","",221,デイリーフーズ,33.0,127.0,332.0,624.0,966.0,1239.0,1544.0,1915.0,2358.0
0000805790,伊勢原, ,伊勢原計,37.0,137.0,291.0,580.0,828.0,1048.0,1255.0,1517.0,1762.0
"","",211,グロサリー,11.0,66.0,134.0,268.0,393.0,506.0,611.0,746.0,869.0
"","",214,リカー,9.0,16.0,37.0,81.0,114.0,143.0,171.0,202.0,231.0
"","",221,デイリーフーズ,17.0,55.0,119.0,231.0,321.0,399.0,473.0,569.0,662.0
0000806130,金沢八景, ,金沢八景計,0.0,423.0,1264.0,2181.0,3172.0,4066.0,5032.0,6017.0,7156.0
"","",211,グロサリー,0.0,217.0,603.0,1012.0,1436.0,1882.0,2359.0,2812.0,3316.0
"","",214,リカー,0.0,75.0,197.0,347.0,511.0,614.0,721.0,863.0,1026.0
"","",221,デイリーフーズ,0.0,132.0,464.0,822.0,1226.0,1570.0,1951.0,2342.0,2814.0
0000005010,春日部, ,春日部計,102.0,367.0,797.0,1289.0,1799.0,2257.0,2914.0,3623.0,4354.0
"","",211,グロサリー,54.0,207.0,428.0,672.0,939.0,1150.0,1469.0,1805.0,2143.0
"","",214,リカー,8.0,38.0,82.0,134.0,187.0,245.0,330.0,434.0,545.0
"","",221,デイリーフーズ,41.0,123.0,286.0,483.0,673.0,862.0,1114.0,1384.0,1667.0
0000032090,品川シーサイド, ,品川シーサイド計,172.0,546.0,1393.0,2321.0,3477.0,4352.0,5302.0,6299.0,7752.0
"","",211,グロサリー,59.0,223.0,601.0,1042.0,1566.0,1942.0,2384.0,2854.0,3505.0
"","",214,リカー,40.0,110.0,255.0,381.0,561.0,725.0,887.0,1022.0,1261.0
"","",221,デイリーフーズ,73.0,214.0,538.0,897.0,1350.0,1684.0,2031.0,2423.0,2987.0
0000057810,県央, ,県央計,59.0,151.0,298.0,513.0,754.0,978.0,1205.0,1539.0,1842.0
"","",211,グロサリー,34.0,78.0,149.0,257.0,376.0,494.0,615.0,771.0,919.0
"","",214,リカー,8.0,17.0,29.0,49.0,75.0,99.0,121.0,166.0,215.0
"","",221,デイリーフーズ,17.0,55.0,120.0,206.0,304.0,385.0,468.0,601.0,707.0
0000803820,長浦, ,長浦計,50.0,140.0,337.0,619.0,862.0,1113.0,1392.0,1634.0,1864.0
"","",211,グロサリー,25.0,66.0,168.0,293.0,423.0,552.0,708.0,839.0,947.0
"","",214,リカー,9.0,24.0,45.0,67.0,80.0,108.0,135.0,163.0,202.0
"","",221,デイリーフーズ,16.0,50.0,123.0,259.0,358.0,453.0,548.0,632.0,714.0
0000017860,茅ヶ崎中央, ,茅ヶ崎中央計,84.0,442.0,1088.0,1956.0,2780.0,3396.0,4285.0,5148.0,6052.0
"","",211,グロサリー,37.0,206.0,481.0,837.0,1187.0,1451.0,1872.0,2269.0,2645.0
"","",214,リカー,14.0,69.0,171.0,309.0,424.0,518.0,645.0,756.0,912.0
"","",221,デイリーフーズ,33.0,167.0,436.0,810.0,1169.0,1428.0,1768.0,2123.0,2495.0
0000060590,新百合ヶ丘, ,新百合ヶ丘計,291.0,634.0,1344.0,2298.0,3269.0,4104.0,5190.0,6352.0,7535.0
"","",211,グロサリー,140.0,292.0,591.0,990.0,1383.0,1724.0,2203.0,2713.0,3190.0
"","",214,リカー,41.0,74.0,184.0,324.0,500.0,646.0,801.0,984.0,1166.0
"","",221,デイリーフーズ,109.0,268.0,569.0,984.0,1385.0,1734.0,2186.0,2655.0,3179.0
0000006620,入間, ,入間計,231.0,606.0,1324.0,2125.0,2865.0,3726.0,4472.0,5242.0,6157.0
"","",211,グロサリー,88.0,279.0,621.0,989.0,1350.0,1779.0,2134.0,2487.0,2906.0
"","",214,リカー,38.0,89.0,187.0,265.0,358.0,478.0,579.0,661.0,786.0
"","",221,デイリーフーズ,105.0,239.0,516.0,871.0,1158.0,1470.0,1760.0,2094.0,2464.0
0000041200,海浜幕張, ,海浜幕張計,76.0,178.0,503.0,995.0,1491.0,1798.0,2255.0,2726.0,3266.0
"","",211,グロサリー,43.0,88.0,214.0,444.0,667.0,818.0,1015.0,1203.0,1437.0
"","",214,リカー,7.0,22.0,88.0,177.0,273.0,336.0,440.0,530.0,655.0
"","",221,デイリーフーズ,25.0,68.0,201.0,374.0,550.0,644.0,800.0,993.0,1175.0
0000041840,木更津, ,木更津計,66.0,260.0,611.0,1163.0,1730.0,2337.0,3052.0,3754.0,4510.0
"","",211,グロサリー,25.0,116.0,302.0,573.0,820.0,1157.0,1533.0,1871.0,2238.0
"","",214,リカー,8.0,43.0,91.0,154.0,242.0,320.0,421.0,525.0,690.0
"","",221,デイリーフーズ,33.0,102.0,219.0,436.0,668.0,860.0,1099.0,1358.0,1582.0
0000006110,イオンタワー薬局, ,イオンタワー薬局計,1.0,1.0,1.0,1.0,1.0,2.0,2.0,2.0,2.0
"","",211,グロサリー,1.0,1.0,1.0,1.0,1.0,2.0,2.0,2.0,2.0
0000006350,つくば, ,つくば計,137.0,352.0,718.0,1262.0,1761.0,2306.0,2919.0,3623.0,4351.0
"","",211,グロサリー,62.0,164.0,322.0,539.0,730.0,928.0,1187.0,1455.0,1746.0
"","",214,リカー,8.0,52.0,89.0,143.0,220.0,283.0,358.0,438.0,540.0
"","",221,デイリーフーズ,66.0,137.0,306.0,580.0,811.0,1095.0,1374.0,1730.0,2065.0
0000032740,レイクタウン, ,レイクタウン計,130.0,552.0,1366.0,2173.0,3050.0,3833.0,4819.0,6144.0,7093.0
"","",211,グロサリー,67.0,311.0,749.0,1184.0,1629.0,2035.0,2542.0,3021.0,3459.0
"","",214,リカー,13.0,50.0,148.0,249.0,370.0,467.0,646.0,1209.0,1391.0
"","",221,デイリーフーズ,50.0,192.0,469.0,739.0,1050.0,1331.0,1630.0,1914.0,2243.0
0000039060,となみ, ,となみ計,79.0,204.0,501.0,857.0,1111.0,1357.0,1657.0,2034.0,2435.0
"","",211,グロサリー,33.0,93.0,247.0,401.0,542.0,662.0,805.0,991.0,1155.0
"","",214,リカー,9.0,24.0,47.0,96.0,114.0,145.0,184.0,239.0,303.0
"","",221,デイリーフーズ,37.0,87.0,207.0,360.0,455.0,550.0,669.0,804.0,977.0
0000050480,ドラッグきさらづ朝日, ,ドラッグきさらづ朝日計,0.0,0.0,1.0,2.0,4.0,4.0,4.0,7.0,7.0
"","",211,グロサリー,0.0,0.0,1.0,2.0,4.0,4.0,4.0,7.0,7.0
0000003240,板橋, ,板橋計,134.0,611.0,1512.0,2891.0,4261.0,5417.0,6828.0,8311.0,9934.0
"","",211,グロサリー,66.0,289.0,725.0,1370.0,2028.0,2607.0,3305.0,4014.0,4744.0
"","",214,リカー,19.0,97.0,214.0,374.0,528.0,692.0,861.0,1087.0,1327.0
"","",221,デイリーフーズ,49.0,225.0,572.0,1147.0,1705.0,2118.0,2662.0,3210.0,3863.0
0000006050,新潟青山, ,新潟青山計,129.0,317.0,648.0,1104.0,1508.0,1906.0,2383.0,2813.0,3340.0
"","",211,グロサリー,57.0,134.0,268.0,476.0,655.0,825.0,1029.0,1217.0,1445.0
"","",214,リカー,14.0,46.0,93.0,155.0,211.0,271.0,361.0,422.0,509.0
"","",221,デイリーフーズ,58.0,137.0,287.0,473.0,642.0,810.0,993.0,1174.0,1386.0
0000030830,横浜新吉田, ,横浜新吉田計,464.0,737.0,1246.0,1854.0,2516.0,3030.0,3650.0,4238.0,4962.0
"","",211,グロサリー,209.0,341.0,569.0,850.0,1158.0,1385.0,1661.0,1928.0,2284.0
"","",214,リカー,111.0,153.0,234.0,305.0,400.0,474.0,564.0,652.0,762.0
"","",221,デイリーフーズ,143.0,244.0,444.0,699.0,959.0,1171.0,1425.0,1659.0,1916.0
0000050950,キッズとなみ, ,キッズとなみ計,0.0,0.0,0.0,1.0,1.0,1.0,1.0,1.0,1.0
"","",211,グロサリー,0.0,0.0,0.0,1.0,1.0,1.0,1.0,1.0,1.0
0000006150,Ｂ昭島, ,Ｂ昭島計,282.0,730.0,1340.0,2155.0,2899.0,3554.0,4265.0,5052.0,5808.0
"","",211,グロサリー,136.0,316.0,600.0,966.0,1299.0,1615.0,1929.0,2304.0,2638.0
"","",214,リカー,51.0,134.0,216.0,332.0,436.0,525.0,633.0,783.0,883.0
"","",221,デイリーフーズ,95.0,280.0,524.0,858.0,1164.0,1415.0,1703.0,1966.0,2288.0
0000031120,大宮西, ,大宮西計,128.0,292.0,626.0,1006.0,1351.0,1928.0,2246.0,2593.0,2898.0
"","",211,グロサリー,55.0,129.0,277.0,448.0,600.0,899.0,1056.0,1224.0,1363.0
"","",214,リカー,22.0,48.0,88.0,117.0,178.0,238.0,269.0,316.0,351.0
"","",221,デイリーフーズ,52.0,115.0,261.0,441.0,573.0,791.0,922.0,1053.0,1184.0
0000060580,厚木, ,厚木計,36.0,169.0,457.0,891.0,1311.0,1729.0,2178.0,2637.0,3180.0
"","",211,グロサリー,16.0,95.0,245.0,460.0,668.0,864.0,1085.0,1321.0,1560.0
"","",214,リカー,3.0,15.0,50.0,100.0,141.0,186.0,226.0,266.0,356.0
"","",221,デイリーフーズ,17.0,59.0,162.0,331.0,503.0,679.0,868.0,1050.0,1264.0
0000006960,富津, ,富津計,46.0,188.0,479.0,854.0,1231.0,1618.0,1989.0,2461.0,2868.0
"","",211,グロサリー,24.0,102.0,232.0,396.0,561.0,769.0,934.0,1130.0,1309.0
"","",214,リカー,8.0,27.0,62.0,99.0,161.0,212.0,272.0,376.0,432.0
"","",221,デイリーフーズ,14.0,59.0,185.0,359.0,509.0,638.0,783.0,954.0,1126.0
0000024360,ラブラ万代, ,ラブラ万代計,0.0,0.0,104.0,327.0,537.0,713.0,949.0,1160.0,1404.0
"","",211,グロサリー,0.0,0.0,42.0,125.0,220.0,290.0,391.0,472.0,573.0
"","",214,リカー,0.0,0.0,18.0,54.0,84.0,114.0,154.0,198.0,241.0
"","",221,デイリーフーズ,0.0,0.0,44.0,148.0,233.0,308.0,404.0,489.0,590.0
0000027490,新小松, ,新小松計,51.0,164.0,559.0,1060.0,1501.0,1960.0,2507.0,3193.0,3888.0
"","",211,グロサリー,20.0,61.0,264.0,532.0,746.0,988.0,1276.0,1629.0,2005.0
"","",214,リカー,13.0,29.0,56.0,105.0,163.0,227.0,316.0,409.0,488.0
"","",221,デイリーフーズ,17.0,74.0,239.0,424.0,591.0,745.0,915.0,1154.0,1395.0
0000050530,ドラッグふっつ, ,ドラッグふっつ計,0.0,0.0,1.0,1.0,2.0,3.0,3.0,3.0,4.0
"","",211,グロサリー,0.0,0.0,1.0,1.0,2.0,3.0,3.0,3.0,4.0
0000806850,東戸塚, ,東戸塚計,126.0,611.0,1428.0,2379.0,3324.0,4204.0,5250.0,6318.0,7496.0
"","",211,グロサリー,57.0,251.0,599.0,987.0,1417.0,1796.0,2247.0,2747.0,3261.0
"","",214,リカー,21.0,117.0,251.0,395.0,515.0,656.0,830.0,960.0,1165.0
"","",221,デイリーフーズ,49.0,243.0,577.0,996.0,1392.0,1752.0,2173.0,2611.0,3070.0
0000017350,下妻, ,下妻計,51.0,204.0,480.0,1030.0,1480.0,1886.0,2353.0,2839.0,3416.0
"","",211,グロサリー,21.0,85.0,231.0,491.0,723.0,942.0,1192.0,1431.0,1711.0
"","",214,リカー,4.0,45.0,78.0,153.0,198.0,262.0,332.0,397.0,488.0
"","",221,デイリーフーズ,26.0,73.0,171.0,386.0,558.0,681.0,828.0,1011.0,1216.0
0000017850,川口前川, ,川口前川計,83.0,415.0,1019.0,1964.0,2746.0,3772.0,4725.0,5755.0,6656.0
"","",211,グロサリー,40.0,206.0,513.0,953.0,1313.0,1811.0,2280.0,2775.0,3194.0
"","",214,リカー,13.0,52.0,126.0,263.0,369.0,535.0,645.0,775.0,903.0
"","",221,デイリーフーズ,30.0,158.0,381.0,748.0,1064.0,1426.0,1800.0,2206.0,2558.0
0000017890,船橋, ,船橋計,156.0,519.0,1312.0,2277.0,3426.0,4315.0,5194.0,6356.0,7473.0
"","",211,グロサリー,60.0,234.0,563.0,979.0,1506.0,1928.0,2331.0,2900.0,3398.0
"","",214,リカー,19.0,59.0,201.0,318.0,454.0,569.0,686.0,831.0,1008.0
"","",221,デイリーフーズ,76.0,226.0,548.0,980.0,1466.0,1817.0,2176.0,2625.0,3066.0
0000047330,東戸塚キッズ, ,東戸塚キッズ計,0.0,0.0,3.0,4.0,9.0,15.0,19.0,25.0,34.0
"","",211,グロサリー,0.0,0.0,3.0,4.0,9.0,15.0,19.0,25.0,34.0
0000010030,成田, ,成田計,56.0,198.0,584.0,1151.0,1789.0,2438.0,3115.0,3794.0,4576.0
"","",211,グロサリー,25.0,105.0,365.0,700.0,1070.0,1475.0,1922.0,2358.0,2819.0
"","",214,リカー,11.0,23.0,44.0,101.0,157.0,222.0,287.0,350.0,437.0
"","",221,デイリーフーズ,21.0,70.0,175.0,350.0,561.0,741.0,907.0,1087.0,1320.0
0000024540,甲府昭和, ,甲府昭和計,27.0,160.0,435.0,800.0,1093.0,1492.0,1899.0,2433.0,2945.0
"","",211,グロサリー,11.0,61.0,208.0,359.0,504.0,727.0,932.0,1190.0,1426.0
"","",214,リカー,1.0,21.0,39.0,115.0,160.0,207.0,266.0,350.0,439.0
"","",221,デイリーフーズ,15.0,79.0,188.0,327.0,428.0,559.0,701.0,893.0,1080.0
0000031020,葛西, ,葛西計,214.0,516.0,1009.0,1650.0,2314.0,3026.0,3736.0,4419.0,5398.0
"","",211,グロサリー,105.0,252.0,497.0,780.0,1082.0,1420.0,1755.0,2068.0,2482.0
"","",214,リカー,31.0,90.0,161.0,238.0,325.0,444.0,565.0,666.0,871.0
"","",221,デイリーフーズ,78.0,174.0,352.0,631.0,908.0,1161.0,1416.0,1685.0,2045.0
0000041230,狭山, ,狭山計,45.0,147.0,419.0,762.0,1067.0,1320.0,1698.0,2019.0,2481.0
"","",211,グロサリー,23.0,71.0,213.0,365.0,500.0,619.0,782.0,922.0,1144.0
"","",214,リカー,7.0,19.0,57.0,123.0,159.0,183.0,244.0,301.0,362.0
"","",221,デイリーフーズ,15.0,56.0,149.0,275.0,408.0,517.0,672.0,797.0,974.0
0000006650,新発田, ,新発田計,96.0,222.0,454.0,864.0,1151.0,1431.0,1787.0,2217.0,2663.0
"","",211,グロサリー,53.0,107.0,242.0,443.0,577.0,713.0,892.0,1109.0,1321.0
"","",214,リカー,12.0,44.0,71.0,129.0,176.0,216.0,276.0,332.0,400.0
"","",221,デイリーフーズ,31.0,71.0,141.0,293.0,399.0,503.0,619.0,775.0,942.0
0000047460,ドラッグＢＢなりた, ,ドラッグＢＢなりた計,0.0,0.0,3.0,9.0,14.0,16.0,18.0,21.0,22.0
"","",211,グロサリー,0.0,0.0,2.0,6.0,10.0,12.0,14.0,16.0,17.0
"","",221,デイリーフーズ,0.0,0.0,1.0,3.0,4.0,4.0,4.0,5.0,5.0
0000017790,土浦　　　　　　　, ,土浦　　　　　　　計,155.0,398.0,879.0,1519.0,2051.0,2644.0,3373.0,4127.0,4981.0
"","",211,グロサリー,75.0,216.0,496.0,863.0,1176.0,1506.0,1933.0,2342.0,2810.0
"","",214,リカー,14.0,40.0,94.0,146.0,195.0,254.0,317.0,399.0,483.0
"","",221,デイリーフーズ,66.0,143.0,289.0,511.0,680.0,884.0,1122.0,1387.0,1688.0
0000024520,羽生, ,羽生計,72.0,216.0,568.0,1068.0,1466.0,1912.0,2498.0,3053.0,3624.0
"","",211,グロサリー,35.0,115.0,311.0,547.0,763.0,984.0,1270.0,1552.0,1843.0
"","",214,リカー,5.0,22.0,62.0,119.0,166.0,228.0,339.0,411.0,484.0
"","",221,デイリーフーズ,32.0,79.0,196.0,402.0,536.0,700.0,890.0,1089.0,1297.0
0000049830,上尾, ,上尾計,41.0,137.0,413.0,679.0,1102.0,1437.0,1861.0,2278.0,2794.0
"","",211,グロサリー,17.0,54.0,171.0,284.0,456.0,608.0,789.0,970.0,1170.0
"","",214,リカー,3.0,18.0,49.0,76.0,110.0,153.0,191.0,223.0,290.0
"","",221,デイリーフーズ,22.0,64.0,192.0,318.0,536.0,676.0,880.0,1085.0,1334.0
0000060280,稲毛, ,稲毛計,101.0,409.0,971.0,1652.0,2267.0,2889.0,3592.0,4283.0,5122.0
"","",211,グロサリー,35.0,181.0,436.0,745.0,997.0,1295.0,1592.0,1889.0,2263.0
"","",214,リカー,8.0,45.0,114.0,201.0,297.0,369.0,480.0,591.0,700.0
"","",221,デイリーフーズ,57.0,183.0,421.0,706.0,973.0,1225.0,1520.0,1802.0,2158.0
0000060200,板橋前野町, ,板橋前野町計,34.0,164.0,493.0,1036.0,1385.0,1877.0,2243.0,2707.0,3253.0
"","",211,グロサリー,11.0,82.0,223.0,448.0,593.0,828.0,999.0,1203.0,1446.0
"","",214,リカー,13.0,29.0,89.0,182.0,243.0,323.0,388.0,470.0,559.0
"","",221,デイリーフーズ,11.0,54.0,181.0,406.0,550.0,725.0,856.0,1033.0,1248.0
0000006980,鎌取, ,鎌取計,59.0,370.0,975.0,1683.0,2426.0,2978.0,3772.0,4449.0,5351.0
"","",211,グロサリー,28.0,189.0,468.0,790.0,1145.0,1409.0,1798.0,2110.0,2524.0
"","",214,リカー,10.0,47.0,99.0,178.0,246.0,296.0,384.0,478.0,613.0
"","",221,デイリーフーズ,21.0,134.0,409.0,716.0,1035.0,1273.0,1590.0,1861.0,2214.0
0000017900,幕張新都心, ,幕張新都心計,81.0,285.0,670.0,1303.0,1978.0,2704.0,3322.0,4086.0,4931.0
"","",211,グロサリー,38.0,133.0,324.0,644.0,1023.0,1416.0,1722.0,2108.0,2503.0
"","",214,リカー,7.0,31.0,80.0,172.0,244.0,319.0,409.0,515.0,629.0
"","",221,デイリーフーズ,36.0,121.0,265.0,486.0,711.0,970.0,1192.0,1462.0,1800.0
0000031050,御嶽山駅前, ,御嶽山駅前計,124.0,274.0,601.0,955.0,1305.0,1709.0,2160.0,2588.0,3077.0
"","",211,グロサリー,45.0,107.0,260.0,409.0,555.0,735.0,956.0,1126.0,1338.0
"","",214,リカー,17.0,35.0,77.0,126.0,185.0,242.0,303.0,395.0,500.0
"","",221,デイリーフーズ,62.0,131.0,264.0,421.0,566.0,732.0,902.0,1067.0,1239.0
0000041850,ユーカリが丘, ,ユーカリが丘計,99.0,290.0,732.0,1349.0,1846.0,2364.0,3006.0,3581.0,4217.0
"","",211,グロサリー,44.0,129.0,326.0,611.0,836.0,1079.0,1347.0,1596.0,1870.0
"","",214,リカー,17.0,31.0,69.0,133.0,187.0,235.0,350.0,435.0,529.0
"","",221,デイリーフーズ,38.0,130.0,337.0,605.0,823.0,1049.0,1309.0,1550.0,1818.0
0000047260,碑文谷本館, ,碑文谷本館計,0.0,302.0,1019.0,1888.0,2698.0,3471.0,4320.0,5494.0,6657.0
"","",211,グロサリー,0.0,125.0,453.0,794.0,1154.0,1510.0,1903.0,2429.0,2944.0
"","",214,リカー,0.0,51.0,185.0,366.0,510.0,625.0,773.0,970.0,1192.0
"","",221,デイリーフーズ,0.0,127.0,381.0,729.0,1034.0,1337.0,1645.0,2095.0,2521.0
0000082900,幕張新都心フードスト, ,幕張新都心フードスト計,0.0,0.0,33.0,93.0,196.0,286.0,393.0,524.0,686.0
"","",211,グロサリー,0.0,0.0,17.0,45.0,97.0,141.0,191.0,250.0,318.0
"","",214,リカー,0.0,0.0,3.0,5.0,8.0,14.0,19.0,26.0,40.0
"","",221,デイリーフーズ,0.0,0.0,13.0,44.0,91.0,131.0,183.0,249.0,329.0
0000006850,マリンピア, ,マリンピア計,176.0,660.0,1588.0,2803.0,3882.0,4843.0,5878.0,6984.0,8172.0
"","",211,グロサリー,77.0,306.0,727.0,1279.0,1785.0,2215.0,2709.0,3191.0,3680.0
"","",214,リカー,30.0,80.0,186.0,316.0,463.0,599.0,725.0,883.0,1079.0
"","",221,デイリーフーズ,68.0,274.0,675.0,1207.0,1634.0,2028.0,2444.0,2910.0,3413.0
0000006580,柏, ,柏計,79.0,370.0,935.0,1687.0,2328.0,2812.0,3440.0,4301.0,4941.0
"","",211,グロサリー,27.0,168.0,448.0,794.0,1126.0,1343.0,1634.0,2054.0,2348.0
"","",214,リカー,13.0,57.0,114.0,200.0,249.0,318.0,404.0,496.0,577.0
"","",221,デイリーフーズ,39.0,145.0,374.0,693.0,953.0,1151.0,1402.0,1751.0,2015.0
0000806930,南行徳, ,南行徳計,64.0,138.0,410.0,830.0,1222.0,1567.0,1913.0,2382.0,2891.0
"","",211,グロサリー,31.0,68.0,203.0,388.0,558.0,727.0,875.0,1098.0,1334.0
"","",214,リカー,10.0,19.0,46.0,102.0,162.0,198.0,246.0,293.0,352.0
"","",221,デイリーフーズ,22.0,51.0,161.0,340.0,501.0,643.0,793.0,992.0,1205.0
0000804090,新浦安, ,新浦安計,122.0,422.0,1150.0,2132.0,3208.0,4029.0,5098.0,6148.0,7502.0
"","",211,グロサリー,49.0,187.0,523.0,936.0,1409.0,1774.0,2253.0,2703.0,3266.0
"","",214,リカー,33.0,96.0,212.0,329.0,544.0,682.0,856.0,1030.0,1303.0
"","",221,デイリーフーズ,40.0,140.0,415.0,866.0,1254.0,1573.0,1989.0,2415.0,2933.0
0000047380,新浦安ＭＯＮＡ, ,新浦安ＭＯＮＡ計,0.0,22.0,77.0,139.0,202.0,284.0,368.0,467.0,559.0
"","",211,グロサリー,0.0,12.0,37.0,60.0,82.0,120.0,154.0,197.0,231.0
"","",214,リカー,0.0,1.0,2.0,5.0,12.0,18.0,25.0,36.0,45.0
"","",221,デイリーフーズ,0.0,8.0,38.0,74.0,108.0,146.0,190.0,235.0,282.0
 , , , ,0.0,0.0,0.0,0.0,0.0,0.0,0.0,0.0,0.0
